Matrix Size,Scalar 2D Time,Scalar 1D Time,SIMD Time
8,0.000002,0.000002,0.000001
64,0.000010,0.000005,0.000002
256,0.000261,0.000112,0.000021
512,0.001181,0.000600,0.000078
1024,0.006411,0.005106,0.000677
2048,0.048934,0.047324,0.003890
4096,0.268884,0.228421,0.016784
8192,1.626150,1.731006,0.059685
16384,6.774392,7.585384,0.215897
